error,percentage
oneOf,19.41747572815534
type,19.41747572815534
properties,10.679611650485436
items,9.70873786407767
pattern,7.766990291262135
additionalProperties,5.825242718446602
maxLength,5.825242718446602
maxItems,4.854368932038835
required,3.8834951456310676
const,2.912621359223301
exclusiveMinimum,1.9417475728155338
anyOf,1.9417475728155338
minimum,1.9417475728155338
enum,1.9417475728155338
not,0.9708737864077669
minLength,0.9708737864077669
