error,percentage
pattern,39.97050147492625
properties,20.206489675516224
type,9.734513274336283
oneOf,7.669616519174041
items,6.932153392330384
required,4.129793510324483
additionalProperties,4.129793510324483
const,2.359882005899705
anyOf,1.6224188790560472
enum,1.3274336283185841
minProperties,0.8849557522123894
dependentRequired,0.4424778761061947
allOf,0.2949852507374631
maximum,0.14749262536873156
not,0.14749262536873156
