error,percentage
required,34.859154929577464
type,26.056338028169012
items,19.718309859154928
properties,6.338028169014084
oneOf,5.28169014084507
pattern,1.4084507042253522
anyOf,1.4084507042253522
multipleOf,1.4084507042253522
minItems,1.056338028169014
const,1.056338028169014
exclusiveMaximum,1.056338028169014
additionalProperties,0.35211267605633806
